Column 1,breitengrad,längengrad
Place Name unique manually,,
Ethiopian Empire,12.6,37.46666666666667
Adihalli,13.29444444,76.33888889
Admiralitäts-Bay,,
Adventure-Bay,,
Adventure-Eyland,,
Aetepieha,,
Africa,21.09375,7.1881
Aetepieha,,
Alps,46.57805555555556,8.615
Americas,19,-96
Amsterdam,52.36666666666667,4.883333333333333
Nomuka,-20.25,-174.8
,-20.245555555556,-174.80083333333
Anker Island,-7.6869444444444,158.50722222222
A-Poto Poto,,
Arabia,,
Ascension Island,-7.95,-14.35
Asia,43.681111111111115,87.33111111111111
Atlantic Ocean,0,-30
Attahuru,,
Auhäiau,,
Barbarey,,
Bashees Inseln,,
Batavia,,
Bay of Plenty,-37.26666667,176.8
Berings-Eyland,,
Berlin,52.516666666667,13.383333333333
India,22.8,83
Bonavista,48.659722222222,-53.120833333333
Bora Bora,-16.498,-151.736
Boscawen und Keppels-Eylande,,
Boseawen,,
Bourbon,,
Brazil,-14,-53
Brest,48.39,-4.4869444444444
Brittany,48,-3
Bristol,51.45361111111111,-2.5975
Great Britain,53.833333333333,-2.4166666666667
Cádiz,36.535,-6.2975
Calao,4.4,21.333333333333
Calhetta,,
California,37,-120
Calao,,
Câmara de Lobos,32.65,-16.966666666667
Gran Canaria,27.958611111111,-15.5925
Candia,,
Cannibal Cove,-41.06826,174.25019
Cap,,
Cap Blake,,
Cap de la Circoncision,,
Cape of Good Hope,-34.358055555556,18.471944444444
Cap Farewell,,
Cape Finisterre,42.8825,-9.2722222222222
Cap Foul-Wind,,
Cape Horn,-55.98,-67.289166666667
Cape Kidnappers / Te Kauwae-a-Māui,-39.643111111111,177.09555555556
Cap Koamaru,,
Cape Palliser / Mātakitaki-a-Kupe,-41.613611111111,175.29027777778
Cap Stephens,,
Cap Tera-Witti,,
West Cape,-35.24472222,136.82222222
Caps,,
Cap-Verdischen Inseln,,
Carlsberg,49.503888888889,8.0416666666667
Cascade Cove,-45.802,166.594
Cascade Bay,-16.53333,123.33333
Castile,42.35,-3.81666667
Chain Island,45.36681,-80.31641
Charlotten-Sund,,
People's Republic of China,35.844722222222224,103.45194444444445
China Seas,,
Cocos und Verräther-Insel,,
Cocos-Hofnungs und Horn-Eyland,,
Cocos-Verräther und Horne-Inseln,,
Coimbra,40.21111111111111,-8.428888888888888
Constantia,-34.031388888889,18.418333333333
Cook Strait,-41.229444444444,174.48305555556
Cornwall,50.3,-4.9
A Coruña Province,43.37,-8.4
Gdańsk,54.3482907,18.6540233
Derbyshire,53.18,-1.6099999999999999
Desertas Islands,32.546111111111,-16.525277777778
Germany,51,10
Diebs-Inseln,,
Doubtful Eyland,,
Doubtfull-Bay,,
Doubtles-Bay,,
Drake's Island,50.355555555556,-4.1536111111111
Duck Cove,44.583333333333,-68.743611111111
Dusky-Bay,,
EaheinoMauwe,,
East-Bay,,
Easter Island,-27.12,-109.35
Ea-Uwhe,,
Eddistone,,
Egmont,,
Eimeo,-21.05166667,149.17333333
Encarnación,-27.333333333333,-55.866666666667
Endeavour Strait,-10.78416667,142.28888889
Duck Bay,-39.73,143.84
England,53,-1
Europe,48.690959,9.14062
Eyland,,
Falkland Islands,-51.73,-59.22
False Bay,-62.7167,-60.3667
False Bay,-62.7167,-60.3667
Faroe Islands,61.969944444444,-6.8444805555556
Faial Island,38.576944444444,-28.702777777778
Ferrol,43.5233,-8.12278
Feuer-Bay,,
Cape Finisterre,42.8825,-9.2722222222222
Five-Finger-Land,,
France,47,2
Friendly Island,-33.515277777778,151.11777777778
Friedrich Henrichs-Bay,,
Friendly Island,-33.515277777778,151.11777777778
Funchal,32.65,-16.916666666667
fire,,
Furneaux-Eyland,,
Georg des dritten Insel,,
Happy Island,44.346944444444,-83.936666666667
Gothenburg,57.7075,11.9675
Göttingen,51.533888888889,9.9355555555556
Gras-Cove,,
Greenwich,51.48,0
Greenland,72,-40
gros Ventre-Bay,,
Southern Ocean,-65,90
Tahiti,-17.666666666667,-149.46666666667
grünen Vorgebürges,,
Guinea,10,-11
Hamaneno,,
Hawkes Bay,50.61677,-57.21491
Hawkins's Maiden-Land,,
Herurua,,
Hervey-Eyland,,
Hetta,68.3857401,23.6189254
Hiddia,,
Jerusalem,31.77888888888889,35.22555555555556
Hippah-Felsen,,
Netherlands,52.316666666667,5.55
Holz-Bay,,
Horn-Eyland,,
Hottentots-Holland,-34.0349,18.9851
Hout Bay,-34.033333333333,18.35
Huaheine,,
Hudsons Bay,45.6234,-79.86215
Ilha dos Codornizes,,
Desertas Islands,32.546111111111,-16.525277777778
Indian Cove,41.256666666667,-72.679722222222
Indian Island,43.74805555555555,-81.71888888888888
indianischen Ocean,,
India,22.8,83
Indian Cove,41.256666666667,-72.679722222222
Indien und Shag-Cove,,
Bay Island,32.350277777778,-64.726111111111
Inseln des Glücks,,
Irrland,51.55555556,6.20472222
Isle de France,-20.2,57.5
Saint Pierre Island,46.783333333333,-56.2
Isle ronde,,
Fortunate Isles,,
Japan,35,136
Juan Fernández,-33.616666666667,-78.866666666667
Kamchatka Peninsula,57,160
Kingdom of the Canary Islands,,
Kenwyn,50.2667,-5.06667
Keppels-Eyland,,
Kerguelens Inseln,,
Ketten-Insel,,
Kew,-37.805277777778,145.03583333333
Tahiti,-17.666666666667,-149.46666666667
Encarnación,-27.333333333333,-55.866666666667
Ladrones,,
Ladronischen Inseln,,
Lanzarote,29.035,-13.635
l'Archipel des navigateurs,,
le Boudoir,,
Levant,34,36
Leiden,52.16,4.49
Lima,-12.06,-77.0375
Lisbon,38.708042,-9.139016
London,51.507222222222,-0.1275
Long Island,40.805805,-73.253616
Löwenberg,,
Löwenkopf,,
Luncheon Cove,-45.765,166.522
Mehetia,-17.866666666667,-148.06666666667
Madagascar,-20,47
Madeira,32.75,-17
Madrid,40.41694444444445,-3.703333333333333
Magellanische Meer-Enge,,
Mehetia,-17.866666666667,-148.06666666667
Manila,14.595833333333333,120.97722222222222
Marien Bay,-2.5352777777778,150.06111111111
Marquesas Islands,-9,-139.5
Marseille,43.296666666667,5.3763888888889
Marvayles of Inde,,
Maschiko,,
Asau,-13.51938889,-172.63722222
Asau,-13.51938889,-172.63722222
Matavai Bay,-17.5,-149.5
Matavai Stream,-14.30361,-170.80972
Matogrosso,,
Mauritania,21,-11
Mauritius,-20.2,57.5
Maurua,,
Mayo,,
Mexico,23,-102
Middelburgh,,
Mediterranean Sea,38,17
mittelländischen und persischen See,,
Molukkischen Inseln,,
Mopiha,,
Motu-Aro,,
Mehetia,-17.866666666667,-148.06666666667
New Zealand,-41.2,174
New Zealand,-41.2,174
Neu-1773. October. Seeland,,
Neu-Albion,,
New Britain,-5.75,150.6
New Caledonia,-21.25,165.3
Neuen-Hebriden,,
New Guinea,-5,140
Dutch Brazil,-8.063713,-34.874269
Neu-Irrland,,
New Zealand,-41.2,174
New York City,40.71277777777778,-74.00611111111111
Niewlandt,,
North America,47,-105
Normandy,49.12233911111111,-0.43664430555555556
Norway,65,11
Aetepieha,,
O-Hamane,,
O-Pahutu,,
O-Parre,,
Opoa,,
Raietea,,
Oranien,,
Orimatarra,,
Ortigueira,43.55986111111111,-6.741694444444445
Oruwherra,,
OsnabruckEyland,,
East-Bay,,
Easter Island,-27.12,-109.35
East India,23.25,86
ostindischen Inseln,,
Ost und West-Indien,,
Taha Oualidat,,
Tahiti,-17.666666666667,-149.46666666667
o-Whai-urua,,
O-Wharre,,
pacifischen Oceans,,
Palliser,,
Palma,39.566666666667,2.6497222222222
Panama,8.616667,-80.366667
Ixodida,,
Paraguay,-23.5,-58
Paris,48.85666666666667,2.352222222222222
Parnassus,,
Parre,45.874586111111114,9.890855555555556
Persian Empire,33,53
Peru,-9.4,-76
Philippinischen Inseln,,
Pic de la Boudeuse,,
Pickersgill,,
Pickersgill-Haven,,
Pitcairn Island,-25.070556,-130.104444
Plymouth,50.371388888889,-4.1422222222222
Plymouth-Haven,,
Point five finger,,
Jackson Point,59.91714,-97.9867
Point Venus,-17.49555556,-149.49444444
,-17.4945,-149.496
Point Hicks,-38,148.88333333
Point Venus,-17.49555556,-149.49444444
,-17.4945,-149.496
Point Venus,-17.49555556,-149.49444444
,-17.4945,-149.496
Poldyre,,
Puducherry,11.93,79.83
Ponta do Sol,32.681111111111,-17.104166666667
Port Egmont,-51.353611111111114,-60.064166666666665
Port Surville,,
Port Egmont,-51.353611111111114,-60.064166666666665
Portland-Eyland,,
Porto-Praya,,
Porto Santo,33.061944444444,-16.356388888889
Portsmouth,,
Portugal,38.7,-9.1833333333333
Kingdom of Prussia,53,14
Promontorium trileucum,,
Pylstaerts-Eyland,,
Quirós,43.1522612,-5.97245041541
Raietea,,
Resolution-Eyland,,
Rheins,,
Ribeira braba,,
Ribeira Grande de Santiago,14.915,-23.605
Robben-Eyland,,
Rocks Point,-40.851,172.134
Rome,41.893055555556,12.482777777778
Rondebosch,-33.963333333333,18.476388888889
Rorotoa,,
Røst,67.52,12.098888888889
rothen See,,
Rotterdam,51.92,4.48
Russia,66.41666666666667,94.25
Rüsten,,
S. Carls Insel,,
S. Jago,,
S. Lorenzo,,
Sagittaria,,
Saldanha Bay,-33.034722222222,18.009722222222
Solomon Islands,-8,159
,-8,159
Savage Islands,30.1463,-15.864389
San Jago,-42.4525,172.7118
San Vicente de Tagua Tagua,-34.43859,-71.07751
Santa Cruz,17.085277777777776,120.45527777777778
Schip-Cove,,
Shiraz,29.61,52.5425
Schoutens und Van der Linds Eylande,,
schwarzen Eap Cap,,
Sweden,61,15
Seehund-Inseln,,
Seeland,,
SeillyEyland,,
Senegal,14.366667,-14.283333
Seville,37.38861111111111,-5.995555555555556
Sheerness,51.441111111111,0.76083333333333
Schip-Cove,,
Society Islands,-17.5,-149.83333333333334
South Pacific Ocean,,
South Atlantic Ocean,-33.73345,-18.83777
Spain,40.2,-3.5
Spithead,50.7514,-1.13667
Spitsbergen,78.75,16
St. Clara,,
St. Jago,,
Stellenbosch,-33.936666666667,18.861388888889
Stellenbosch,-33.936666666667,18.861388888889
Calm lake,,
stillen Ocean,,
Stockholm,,
Strait of Malacca,2.5,101.16666669444444
South America,,
Südals Nordpol,,
South America,,
South Georgia,-54.316666666667,-36.65
Southern Ocean,-65,90
südliche Ocean,,
Süd-Meer,,
South Pole,-90,0
South Seas,-20.84,165.85
Südsee-Inseln,,
Table Cape,-40.946111111111,145.73305555556
Tabuaä,,
Tafel-Bay,,
Tafelberge,,
Taha,,
Tahiti,-17.666666666667,-149.46666666667
Tamai-poe-namu,,
Tautihpa,,
Tedhuroa,,
Teiarrabu,,
Tenerife,28.268611111111,-16.605555555556
Terra Australis,,
Tierra del Fuego,-54,-70
Thames,-37.1384,175.5405
the Groyn,,
River Thames,51.5,0.61
,51.69444444444444,-2.0297222222222224
Thira-Whittie,,
Thuringia,51,11
Tiegerberge,,
Tierra del Espiritu Santo,,
Timor,-9.083333333333334,125.08333333333333
Tittahah,,
Tonga-Tabu,,
Uborruh,,
Raiatea,-16.82,-151.44
Upsall,54.27665,-1.3058194444444
U'uru,,
Vál,47.363688888889,18.675319444444
Van Diemen's Land,-42,147
Van Diemens Rhede,,
Venice,45.439722222222,12.331944444444
Venus,,
Vera-Cruz,,
Vesuvs,,
Vorgebirge der guten Hoffnung,,
Vorgebürge de la Circoncision,,
Vorgebürge Ortegal,,
Wachtel-Insel,,
Waihue,-35.831,173.841
Wauwan,,
West-Bay,,
West Indies,21.98333333,-79.03333333
westindischen Inseln,,
West Lake,43.94,-77.28666666666666
Wet Jacket Arm,-45.652,166.809
Whai-Urua,,
Whennua,,
Whennua-aurah,,
Isle of Wight,50.666666666667,-1.2666666666667
Woriea,,
Warioi,-1.647875369901064,135.7710349909631
Warioi,-1.647875369901064,135.7710349909631
Warioi,-1.647875369901064,135.7710349909631
Warioi,-1.647875369901064,135.7710349909631
Warioi,-1.647875369901064,135.7710349909631
Warioi,-1.647875369901064,135.7710349909631
Warioi,-1.647875369901064,135.7710349909631
Warioi,-1.647875369901064,135.7710349909631
Warioi,-1.647875369901064,135.7710349909631
Warioi,-1.647875369901064,135.7710349909631
Warioi,-1.647875369901064,135.7710349909631
Warioi,-1.647875369901064,135.7710349909631
Warioi,-1.647875369901064,135.7710349909631
Warioi,-1.647875369901064,135.7710349909631
Warioi,-1.647875369901064,135.7710349909631
Warioi,-1.647875369901064,135.7710349909631
Warioi,-1.647875369901064,135.7710349909631
Warioi,-1.647875369901064,135.7710349909631
Warioi,-1.647875369901064,135.7710349909631
Warioi,-1.647875369901064,135.7710349909631
Warioi,-1.647875369901064,135.7710349909631
Warioi,-1.647875369901064,135.7710349909631
Warioi,-1.647875369901064,135.7710349909631
Warioi,-1.647875369901064,135.7710349909631
Warioi,-1.647875369901064,135.7710349909631
Warioi,-1.647875369901064,135.7710349909631
Warioi,-1.647875369901064,135.7710349909631
Warioi,-1.647875369901064,135.7710349909631
Warioi,-1.647875369901064,135.7710349909631
Warioi,-1.647875369901064,135.7710349909631
Warioi,-1.647875369901064,135.7710349909631
Warioi,-1.647875369901064,135.7710349909631
Warioi,-1.647875369901064,135.7710349909631
Warioi,-1.647875369901064,135.7710349909631
Warioi,-1.647875369901064,135.7710349909631
Warioi,-1.647875369901064,135.7710349909631
Warioi,-1.647875369901064,135.7710349909631
Warioi,-1.647875369901064,135.7710349909631
Warioi,-1.647875369901064,135.7710349909631
Warioi,-1.647875369901064,135.7710349909631
Warioi,-1.647875369901064,135.7710349909631
Warioi,-1.647875369901064,135.7710349909631
Warioi,-1.647875369901064,135.7710349909631
Warioi,-1.647875369901064,135.7710349909631
Warioi,-1.647875369901064,135.7710349909631
Warioi,-1.647875369901064,135.7710349909631
Warioi,-1.647875369901064,135.7710349909631
Warioi,-1.647875369901064,135.7710349909631
Warioi,-1.647875369901064,135.7710349909631
Warioi,-1.647875369901064,135.7710349909631
Warioi,-1.647875369901064,135.7710349909631
Warioi,-1.647875369901064,135.7710349909631
Warioi,-1.647875369901064,135.7710349909631
Warioi,-1.647875369901064,135.7710349909631
Warioi,-1.647875369901064,135.7710349909631
Warioi,-1.647875369901064,135.7710349909631
Warioi,-1.647875369901064,135.7710349909631
Warioi,-1.647875369901064,135.7710349909631
Warioi,-1.647875369901064,135.7710349909631
Warioi,-1.647875369901064,135.7710349909631
Warioi,-1.647875369901064,135.7710349909631
Warioi,-1.647875369901064,135.7710349909631
Warioi,-1.647875369901064,135.7710349909631
Warioi,-1.647875369901064,135.7710349909631
Warioi,-1.647875369901064,135.7710349909631
Warioi,-1.647875369901064,135.7710349909631
Warioi,-1.647875369901064,135.7710349909631
Warioi,-1.647875369901064,135.7710349909631
Warioi,-1.647875369901064,135.7710349909631
Warioi,-1.647875369901064,135.7710349909631
Warioi,-1.647875369901064,135.7710349909631
Warioi,-1.647875369901064,135.7710349909631
Warioi,-1.647875369901064,135.7710349909631
Warioi,-1.647875369901064,135.7710349909631
Warioi,-1.647875369901064,135.7710349909631
Warioi,-1.647875369901064,135.7710349909631
Warioi,-1.647875369901064,135.7710349909631
Warioi,-1.647875369901064,135.7710349909631
Warioi,-1.647875369901064,135.7710349909631
Warioi,-1.647875369901064,135.7710349909631
Warioi,-1.647875369901064,135.7710349909631
Warioi,-1.647875369901064,135.7710349909631
Warioi,-1.647875369901064,135.7710349909631
Warioi,-1.647875369901064,135.7710349909631
Warioi,-1.647875369901064,135.7710349909631
Warioi,-1.647875369901064,135.7710349909631
Warioi,-1.647875369901064,135.7710349909631
Warioi,-1.647875369901064,135.7710349909631
Warioi,-1.647875369901064,135.7710349909631
Warioi,-1.647875369901064,135.7710349909631
Warioi,-1.647875369901064,135.7710349909631
Warioi,-1.647875369901064,135.7710349909631
Warioi,-1.647875369901064,135.7710349909631
Warioi,-1.647875369901064,135.7710349909631
Warioi,-1.647875369901064,135.7710349909631
Warioi,-1.647875369901064,135.7710349909631
Warioi,-1.647875369901064,135.7710349909631
Warioi,-1.647875369901064,135.7710349909631
Warioi,-1.647875369901064,135.7710349909631
Warioi,-1.647875369901064,135.7710349909631
Warioi,-1.647875369901064,135.7710349909631
Warioi,-1.647875369901064,135.7710349909631
Warioi,-1.647875369901064,135.7710349909631
Warioi,-1.647875369901064,135.7710349909631
Warioi,-1.647875369901064,135.7710349909631
Warioi,-1.647875369901064,135.7710349909631
Warioi,-1.647875369901064,135.7710349909631
Warioi,-1.647875369901064,135.7710349909631
Warioi,-1.647875369901064,135.7710349909631
Warioi,-1.647875369901064,135.7710349909631
Warioi,-1.647875369901064,135.7710349909631
Warioi,-1.647875369901064,135.7710349909631
Warioi,-1.647875369901064,135.7710349909631
Warioi,-1.647875369901064,135.7710349909631
Warioi,-1.647875369901064,135.7710349909631
Warioi,-1.647875369901064,135.7710349909631
Warioi,-1.647875369901064,135.7710349909631
Warioi,-1.647875369901064,135.7710349909631
Warioi,-1.647875369901064,135.7710349909631
Warioi,-1.647875369901064,135.7710349909631
Warioi,-1.647875369901064,135.7710349909631
Warioi,-1.647875369901064,135.7710349909631
Warioi,-1.647875369901064,135.7710349909631
Warioi,-1.647875369901064,135.7710349909631
Warioi,-1.647875369901064,135.7710349909631
Warioi,-1.647875369901064,135.7710349909631
Warioi,-1.647875369901064,135.7710349909631
Warioi,-1.647875369901064,135.7710349909631
Warioi,-1.647875369901064,135.7710349909631
Warioi,-1.647875369901064,135.7710349909631
Warioi,-1.647875369901064,135.7710349909631
Warioi,-1.647875369901064,135.7710349909631
Warioi,-1.647875369901064,135.7710349909631
Warioi,-1.647875369901064,135.7710349909631
Warioi,-1.647875369901064,135.7710349909631
Warioi,-1.647875369901064,135.7710349909631
Warioi,-1.647875369901064,135.7710349909631
Warioi,-1.647875369901064,135.7710349909631
Warioi,-1.647875369901064,135.7710349909631
Warioi,-1.647875369901064,135.7710349909631
Warioi,-1.647875369901064,135.7710349909631
Warioi,-1.647875369901064,135.7710349909631
Warioi,-1.647875369901064,135.7710349909631
Warioi,-1.647875369901064,135.7710349909631
Warioi,-1.647875369901064,135.7710349909631
Warioi,-1.647875369901064,135.7710349909631
Warioi,-1.647875369901064,135.7710349909631
Warioi,-1.647875369901064,135.7710349909631
Warioi,-1.647875369901064,135.7710349909631
Warioi,-1.647875369901064,135.7710349909631
Warioi,-1.647875369901064,135.7710349909631
Warioi,-1.647875369901064,135.7710349909631
Warioi,-1.647875369901064,135.7710349909631
Warioi,-1.647875369901064,135.7710349909631
Warioi,-1.647875369901064,135.7710349909631
Warioi,-1.647875369901064,135.7710349909631
Warioi,-1.647875369901064,135.7710349909631
Warioi,-1.647875369901064,135.7710349909631
Warioi,-1.647875369901064,135.7710349909631
Warioi,-1.647875369901064,135.7710349909631
Warioi,-1.647875369901064,135.7710349909631
Warioi,-1.647875369901064,135.7710349909631
Warioi,-1.647875369901064,135.7710349909631
Warioi,-1.647875369901064,135.7710349909631
Warioi,-1.647875369901064,135.7710349909631
Warioi,-1.647875369901064,135.7710349909631
Warioi,-1.647875369901064,135.7710349909631
Warioi,-1.647875369901064,135.7710349909631
Warioi,-1.647875369901064,135.7710349909631
Warioi,-1.647875369901064,135.7710349909631
Warioi,-1.647875369901064,135.7710349909631
Warioi,-1.647875369901064,135.7710349909631
Warioi,-1.647875369901064,135.7710349909631
Warioi,-1.647875369901064,135.7710349909631
Warioi,-1.647875369901064,135.7710349909631
Warioi,-1.647875369901064,135.7710349909631
Warioi,-1.647875369901064,135.7710349909631
Warioi,-1.647875369901064,135.7710349909631
Warioi,-1.647875369901064,135.7710349909631
Warioi,-1.647875369901064,135.7710349909631
Warioi,-1.647875369901064,135.7710349909631
Warioi,-1.647875369901064,135.7710349909631
Warioi,-1.647875369901064,135.7710349909631
Warioi,-1.647875369901064,135.7710349909631
Warioi,-1.647875369901064,135.7710349909631
Warioi,-1.647875369901064,135.7710349909631
Warioi,-1.647875369901064,135.7710349909631
Warioi,-1.647875369901064,135.7710349909631
Warioi,-1.647875369901064,135.7710349909631
Warioi,-1.647875369901064,135.7710349909631
Warioi,-1.647875369901064,135.7710349909631
Warioi,-1.647875369901064,135.7710349909631
Warioi,-1.647875369901064,135.7710349909631
Warioi,-1.647875369901064,135.7710349909631
Warioi,-1.647875369901064,135.7710349909631
Warioi,-1.647875369901064,135.7710349909631
Warioi,-1.647875369901064,135.7710349909631
Warioi,-1.647875369901064,135.7710349909631
Warioi,-1.647875369901064,135.7710349909631
Warioi,-1.647875369901064,135.7710349909631
Warioi,-1.647875369901064,135.7710349909631
Warioi,-1.647875369901064,135.7710349909631
Warioi,-1.647875369901064,135.7710349909631
Warioi,-1.647875369901064,135.7710349909631
Warioi,-1.647875369901064,135.7710349909631
Warioi,-1.647875369901064,135.7710349909631
Warioi,-1.647875369901064,135.7710349909631
Warioi,-1.647875369901064,135.7710349909631
Warioi,-1.647875369901064,135.7710349909631
Warioi,-1.647875369901064,135.7710349909631
Warioi,-1.647875369901064,135.7710349909631
Warioi,-1.647875369901064,135.7710349909631
Warioi,-1.647875369901064,135.7710349909631
Warioi,-1.647875369901064,135.7710349909631
Warioi,-1.647875369901064,135.7710349909631
Warioi,-1.647875369901064,135.7710349909631
Warioi,-1.647875369901064,135.7710349909631
Warioi,-1.647875369901064,135.7710349909631
Warioi,-1.647875369901064,135.7710349909631
Warioi,-1.647875369901064,135.7710349909631
Warioi,-1.647875369901064,135.7710349909631
Warioi,-1.647875369901064,135.7710349909631
Warioi,-1.647875369901064,135.7710349909631
Warioi,-1.647875369901064,135.7710349909631
Warioi,-1.647875369901064,135.7710349909631
Warioi,-1.647875369901064,135.7710349909631
Warioi,-1.647875369901064,135.7710349909631
Warioi,-1.647875369901064,135.7710349909631
Warioi,-1.647875369901064,135.7710349909631
Warioi,-1.647875369901064,135.7710349909631
Warioi,-1.647875369901064,135.7710349909631
Warioi,-1.647875369901064,135.7710349909631
Warioi,-1.647875369901064,135.7710349909631
Warioi,-1.647875369901064,135.7710349909631
Warioi,-1.647875369901064,135.7710349909631
Warioi,-1.647875369901064,135.7710349909631
Warioi,-1.647875369901064,135.7710349909631
Warioi,-1.647875369901064,135.7710349909631
Warioi,-1.647875369901064,135.7710349909631
Warioi,-1.647875369901064,135.7710349909631
Warioi,-1.647875369901064,135.7710349909631
Warioi,-1.647875369901064,135.7710349909631
Warioi,-1.647875369901064,135.7710349909631
Warioi,-1.647875369901064,135.7710349909631
Warioi,-1.647875369901064,135.7710349909631
Warioi,-1.647875369901064,135.7710349909631
Warioi,-1.647875369901064,135.7710349909631
Warioi,-1.647875369901064,135.7710349909631
Warioi,-1.647875369901064,135.7710349909631
Warioi,-1.647875369901064,135.7710349909631
Warioi,-1.647875369901064,135.7710349909631
Warioi,-1.647875369901064,135.7710349909631
Warioi,-1.647875369901064,135.7710349909631
Warioi,-1.647875369901064,135.7710349909631
Warioi,-1.647875369901064,135.7710349909631
Warioi,-1.647875369901064,135.7710349909631
Warioi,-1.647875369901064,135.7710349909631
Warioi,-1.647875369901064,135.7710349909631
Warioi,-1.647875369901064,135.7710349909631
Warioi,-1.647875369901064,135.7710349909631
Warioi,-1.647875369901064,135.7710349909631
Warioi,-1.647875369901064,135.7710349909631
Warioi,-1.647875369901064,135.7710349909631
Warioi,-1.647875369901064,135.7710349909631
Warioi,-1.647875369901064,135.7710349909631
Warioi,-1.647875369901064,135.7710349909631
Warioi,-1.647875369901064,135.7710349909631
Warioi,-1.647875369901064,135.7710349909631
Warioi,-1.647875369901064,135.7710349909631
Warioi,-1.647875369901064,135.7710349909631
Warioi,-1.647875369901064,135.7710349909631
Warioi,-1.647875369901064,135.7710349909631
Warioi,-1.647875369901064,135.7710349909631
Warioi,-1.647875369901064,135.7710349909631
Warioi,-1.647875369901064,135.7710349909631
Warioi,-1.647875369901064,135.7710349909631
Warioi,-1.647875369901064,135.7710349909631
Warioi,-1.647875369901064,135.7710349909631
Warioi,-1.647875369901064,135.7710349909631
Warioi,-1.647875369901064,135.7710349909631
Warioi,-1.647875369901064,135.7710349909631
Warioi,-1.647875369901064,135.7710349909631
Warioi,-1.647875369901064,135.7710349909631
Warioi,-1.647875369901064,135.7710349909631
Warioi,-1.647875369901064,135.7710349909631
Warioi,-1.647875369901064,135.7710349909631
Warioi,-1.647875369901064,135.7710349909631
Warioi,-1.647875369901064,135.7710349909631
Warioi,-1.647875369901064,135.7710349909631
Warioi,-1.647875369901064,135.7710349909631
Warioi,-1.647875369901064,135.7710349909631
Warioi,-1.647875369901064,135.7710349909631
Warioi,-1.647875369901064,135.7710349909631
Warioi,-1.647875369901064,135.7710349909631
Warioi,-1.647875369901064,135.7710349909631
Warioi,-1.647875369901064,135.7710349909631
Warioi,-1.647875369901064,135.7710349909631
Warioi,-1.647875369901064,135.7710349909631
Warioi,-1.647875369901064,135.7710349909631
Warioi,-1.647875369901064,135.7710349909631
Warioi,-1.647875369901064,135.7710349909631
Warioi,-1.647875369901064,135.7710349909631
Warioi,-1.647875369901064,135.7710349909631
Warioi,-1.647875369901064,135.7710349909631
Warioi,-1.647875369901064,135.7710349909631
Warioi,-1.647875369901064,135.7710349909631
Warioi,-1.647875369901064,135.7710349909631
Warioi,-1.647875369901064,135.7710349909631
Warioi,-1.647875369901064,135.7710349909631
Warioi,-1.647875369901064,135.7710349909631
Warioi,-1.647875369901064,135.7710349909631
Warioi,-1.647875369901064,135.7710349909631
Warioi,-1.647875369901064,135.7710349909631
Warioi,-1.647875369901064,135.7710349909631
Warioi,-1.647875369901064,135.7710349909631
Warioi,-1.647875369901064,135.7710349909631
Warioi,-1.647875369901064,135.7710349909631
Warioi,-1.647875369901064,135.7710349909631
Warioi,-1.647875369901064,135.7710349909631
Warioi,-1.647875369901064,135.7710349909631
Warioi,-1.647875369901064,135.7710349909631
Warioi,-1.647875369901064,135.7710349909631
Warioi,-1.647875369901064,135.7710349909631
Warioi,-1.647875369901064,135.7710349909631
Warioi,-1.647875369901064,135.7710349909631
Warioi,-1.647875369901064,135.7710349909631
Warioi,-1.647875369901064,135.7710349909631
Warioi,-1.647875369901064,135.7710349909631
Warioi,-1.647875369901064,135.7710349909631
Warioi,-1.647875369901064,135.7710349909631
Warioi,-1.647875369901064,135.7710349909631
Warioi,-1.647875369901064,135.7710349909631
Warioi,-1.647875369901064,135.7710349909631
Warioi,-1.647875369901064,135.7710349909631
Warioi,-1.647875369901064,135.7710349909631
Warioi,-1.647875369901064,135.7710349909631
Warioi,-1.647875369901064,135.7710349909631
Warioi,-1.647875369901064,135.7710349909631
Warioi,-1.647875369901064,135.7710349909631
Warioi,-1.647875369901064,135.7710349909631
Warioi,-1.647875369901064,135.7710349909631
Warioi,-1.647875369901064,135.7710349909631
Warioi,-1.647875369901064,135.7710349909631
Warioi,-1.647875369901064,135.7710349909631
Warioi,-1.647875369901064,135.7710349909631
Warioi,-1.647875369901064,135.7710349909631
Warioi,-1.647875369901064,135.7710349909631
Warioi,-1.647875369901064,135.7710349909631
Warioi,-1.647875369901064,135.7710349909631
Warioi,-1.647875369901064,135.7710349909631
Warioi,-1.647875369901064,135.7710349909631
Warioi,-1.647875369901064,135.7710349909631
Warioi,-1.647875369901064,135.7710349909631
Warioi,-1.647875369901064,135.7710349909631
Warioi,-1.647875369901064,135.7710349909631
Warioi,-1.647875369901064,135.7710349909631
Warioi,-1.647875369901064,135.7710349909631
Warioi,-1.647875369901064,135.7710349909631
Warioi,-1.647875369901064,135.7710349909631
Warioi,-1.647875369901064,135.7710349909631
Warioi,-1.647875369901064,135.7710349909631
Warioi,-1.647875369901064,135.7710349909631
Warioi,-1.647875369901064,135.7710349909631
Warioi,-1.647875369901064,135.7710349909631
Warioi,-1.647875369901064,135.7710349909631
Warioi,-1.647875369901064,135.7710349909631
Warioi,-1.647875369901064,135.7710349909631
Warioi,-1.647875369901064,135.7710349909631
Warioi,-1.647875369901064,135.7710349909631
Warioi,-1.647875369901064,135.7710349909631
Warioi,-1.647875369901064,135.7710349909631
Warioi,-1.647875369901064,135.7710349909631
Warioi,-1.647875369901064,135.7710349909631
Warioi,-1.647875369901064,135.7710349909631
Warioi,-1.647875369901064,135.7710349909631
Warioi,-1.647875369901064,135.7710349909631
Warioi,-1.647875369901064,135.7710349909631
Warioi,-1.647875369901064,135.7710349909631
Warioi,-1.647875369901064,135.7710349909631
Warioi,-1.647875369901064,135.7710349909631
Warioi,-1.647875369901064,135.7710349909631
Warioi,-1.647875369901064,135.7710349909631
Warioi,-1.647875369901064,135.7710349909631
Warioi,-1.647875369901064,135.7710349909631
Warioi,-1.647875369901064,135.7710349909631
Warioi,-1.647875369901064,135.7710349909631
Warioi,-1.647875369901064,135.7710349909631
Warioi,-1.647875369901064,135.7710349909631
Warioi,-1.647875369901064,135.7710349909631
Warioi,-1.647875369901064,135.7710349909631
Warioi,-1.647875369901064,135.7710349909631
Warioi,-1.647875369901064,135.7710349909631
Warioi,-1.647875369901064,135.7710349909631
Warioi,-1.647875369901064,135.7710349909631
Warioi,-1.647875369901064,135.7710349909631
Warioi,-1.647875369901064,135.7710349909631
Warioi,-1.647875369901064,135.7710349909631
Warioi,-1.647875369901064,135.7710349909631
Warioi,-1.647875369901064,135.7710349909631
Warioi,-1.647875369901064,135.7710349909631
Warioi,-1.647875369901064,135.7710349909631
Warioi,-1.647875369901064,135.7710349909631
Warioi,-1.647875369901064,135.7710349909631
Warioi,-1.647875369901064,135.7710349909631
Warioi,-1.647875369901064,135.7710349909631
Warioi,-1.647875369901064,135.7710349909631
Warioi,-1.647875369901064,135.7710349909631
Warioi,-1.647875369901064,135.7710349909631
Warioi,-1.647875369901064,135.7710349909631
Warioi,-1.647875369901064,135.7710349909631
Warioi,-1.647875369901064,135.7710349909631
Warioi,-1.647875369901064,135.7710349909631
Warioi,-1.647875369901064,135.7710349909631
Warioi,-1.647875369901064,135.7710349909631
Warioi,-1.647875369901064,135.7710349909631
Warioi,-1.647875369901064,135.7710349909631
Warioi,-1.647875369901064,135.7710349909631
Warioi,-1.647875369901064,135.7710349909631
Warioi,-1.647875369901064,135.7710349909631
Warioi,-1.647875369901064,135.7710349909631
Warioi,-1.647875369901064,135.7710349909631
Warioi,-1.647875369901064,135.7710349909631
Warioi,-1.647875369901064,135.7710349909631
Warioi,-1.647875369901064,135.7710349909631
Warioi,-1.647875369901064,135.7710349909631
Warioi,-1.647875369901064,135.7710349909631
Warioi,-1.647875369901064,135.7710349909631
Warioi,-1.647875369901064,135.7710349909631
Warioi,-1.647875369901064,135.7710349909631
Warioi,-1.647875369901064,135.7710349909631
Warioi,-1.647875369901064,135.7710349909631
Warioi,-1.647875369901064,135.7710349909631
Warioi,-1.647875369901064,135.7710349909631
Warioi,-1.647875369901064,135.7710349909631
Warioi,-1.647875369901064,135.7710349909631
Warioi,-1.647875369901064,135.7710349909631
Warioi,-1.647875369901064,135.7710349909631
Warioi,-1.647875369901064,135.7710349909631
Warioi,-1.647875369901064,135.7710349909631
Warioi,-1.647875369901064,135.7710349909631
Warioi,-1.647875369901064,135.7710349909631
Warioi,-1.647875369901064,135.7710349909631
Warioi,-1.647875369901064,135.7710349909631
Warioi,-1.647875369901064,135.7710349909631
Warioi,-1.647875369901064,135.7710349909631
Warioi,-1.647875369901064,135.7710349909631
Warioi,-1.647875369901064,135.7710349909631
Warioi,-1.647875369901064,135.7710349909631
Warioi,-1.647875369901064,135.7710349909631
Warioi,-1.647875369901064,135.7710349909631
Warioi,-1.647875369901064,135.7710349909631
Warioi,-1.647875369901064,135.7710349909631
Warioi,-1.647875369901064,135.7710349909631
Warioi,-1.647875369901064,135.7710349909631
Warioi,-1.647875369901064,135.7710349909631
Warioi,-1.647875369901064,135.7710349909631
Warioi,-1.647875369901064,135.7710349909631
Warioi,-1.647875369901064,135.7710349909631
Warioi,-1.647875369901064,135.7710349909631
Warioi,-1.647875369901064,135.7710349909631
Warioi,-1.647875369901064,135.7710349909631
Warioi,-1.647875369901064,135.7710349909631
Warioi,-1.647875369901064,135.7710349909631
Warioi,-1.647875369901064,135.7710349909631
Warioi,-1.647875369901064,135.7710349909631
Warioi,-1.647875369901064,135.7710349909631
Warioi,-1.647875369901064,135.7710349909631
Warioi,-1.647875369901064,135.7710349909631
Warioi,-1.647875369901064,135.7710349909631
Warioi,-1.647875369901064,135.7710349909631
Warioi,-1.647875369901064,135.7710349909631
Warioi,-1.647875369901064,135.7710349909631
Warioi,-1.647875369901064,135.7710349909631
Warioi,-1.647875369901064,135.7710349909631
Warioi,-1.647875369901064,135.7710349909631
Warioi,-1.647875369901064,135.7710349909631
Warioi,-1.647875369901064,135.7710349909631
Warioi,-1.647875369901064,135.7710349909631
Warioi,-1.647875369901064,135.7710349909631
Warioi,-1.647875369901064,135.7710349909631
Warioi,-1.647875369901064,135.7710349909631
Warioi,-1.647875369901064,135.7710349909631
Warioi,-1.647875369901064,135.7710349909631
Warioi,-1.647875369901064,135.7710349909631
Warioi,-1.647875369901064,135.7710349909631
Warioi,-1.647875369901064,135.7710349909631
Warioi,-1.647875369901064,135.7710349909631
Warioi,-1.647875369901064,135.7710349909631
Warioi,-1.647875369901064,135.7710349909631
Warioi,-1.647875369901064,135.7710349909631
Warioi,-1.647875369901064,135.7710349909631
Warioi,-1.647875369901064,135.7710349909631
Warioi,-1.647875369901064,135.7710349909631
Warioi,-1.647875369901064,135.7710349909631
Warioi,-1.647875369901064,135.7710349909631
Warioi,-1.647875369901064,135.7710349909631
Warioi,-1.647875369901064,135.7710349909631
Warioi,-1.647875369901064,135.7710349909631
Warioi,-1.647875369901064,135.7710349909631
Warioi,-1.647875369901064,135.7710349909631
Warioi,-1.647875369901064,135.7710349909631
Warioi,-1.647875369901064,135.7710349909631
Warioi,-1.647875369901064,135.7710349909631
Warioi,-1.647875369901064,135.7710349909631
Warioi,-1.647875369901064,135.7710349909631
Warioi,-1.647875369901064,135.7710349909631
Warioi,-1.647875369901064,135.7710349909631
Warioi,-1.647875369901064,135.7710349909631
Warioi,-1.647875369901064,135.7710349909631
Warioi,-1.647875369901064,135.7710349909631
Warioi,-1.647875369901064,135.7710349909631
Warioi,-1.647875369901064,135.7710349909631
Warioi,-1.647875369901064,135.7710349909631
Warioi,-1.647875369901064,135.7710349909631
Warioi,-1.647875369901064,135.7710349909631
Warioi,-1.647875369901064,135.7710349909631
Warioi,-1.647875369901064,135.7710349909631
Warioi,-1.647875369901064,135.7710349909631
Warioi,-1.647875369901064,135.7710349909631
Warioi,-1.647875369901064,135.7710349909631
Warioi,-1.647875369901064,135.7710349909631
Warioi,-1.647875369901064,135.7710349909631
Warioi,-1.647875369901064,135.7710349909631
Warioi,-1.647875369901064,135.7710349909631
Warioi,-1.647875369901064,135.7710349909631
Warioi,-1.647875369901064,135.7710349909631
Warioi,-1.647875369901064,135.7710349909631
Warioi,-1.647875369901064,135.7710349909631
Warioi,-1.647875369901064,135.7710349909631
Warioi,-1.647875369901064,135.7710349909631
Warioi,-1.647875369901064,135.7710349909631
Warioi,-1.647875369901064,135.7710349909631
Warioi,-1.647875369901064,135.7710349909631
Warioi,-1.647875369901064,135.7710349909631
Warioi,-1.647875369901064,135.7710349909631
Warioi,-1.647875369901064,135.7710349909631
Warioi,-1.647875369901064,135.7710349909631
Warioi,-1.647875369901064,135.7710349909631
Warioi,-1.647875369901064,135.7710349909631
Warioi,-1.647875369901064,135.7710349909631
Warioi,-1.647875369901064,135.7710349909631
Warioi,-1.647875369901064,135.7710349909631
Warioi,-1.647875369901064,135.7710349909631
Warioi,-1.647875369901064,135.7710349909631
Warioi,-1.647875369901064,135.7710349909631
Warioi,-1.647875369901064,135.7710349909631
Warioi,-1.647875369901064,135.7710349909631
Warioi,-1.647875369901064,135.7710349909631
Warioi,-1.647875369901064,135.7710349909631
Warioi,-1.647875369901064,135.7710349909631
Warioi,-1.647875369901064,135.7710349909631
Warioi,-1.647875369901064,135.7710349909631
Warioi,-1.647875369901064,135.7710349909631
Warioi,-1.647875369901064,135.7710349909631
Warioi,-1.647875369901064,135.7710349909631
Warioi,-1.647875369901064,135.7710349909631
Warioi,-1.647875369901064,135.7710349909631
Warioi,-1.647875369901064,135.7710349909631
Warioi,-1.647875369901064,135.7710349909631
Warioi,-1.647875369901064,135.7710349909631
Warioi,-1.647875369901064,135.7710349909631
Warioi,-1.647875369901064,135.7710349909631
Warioi,-1.647875369901064,135.7710349909631
Warioi,-1.647875369901064,135.7710349909631
Warioi,-1.647875369901064,135.7710349909631
Warioi,-1.647875369901064,135.7710349909631
Warioi,-1.647875369901064,135.7710349909631
Warioi,-1.647875369901064,135.7710349909631
Warioi,-1.647875369901064,135.7710349909631
Warioi,-1.647875369901064,135.7710349909631
Warioi,-1.647875369901064,135.7710349909631
Warioi,-1.647875369901064,135.7710349909631
Warioi,-1.647875369901064,135.7710349909631
Warioi,-1.647875369901064,135.7710349909631
Warioi,-1.647875369901064,135.7710349909631
Warioi,-1.647875369901064,135.7710349909631
Warioi,-1.647875369901064,135.7710349909631
Warioi,-1.647875369901064,135.7710349909631
Warioi,-1.647875369901064,135.7710349909631
Warioi,-1.647875369901064,135.7710349909631
Warioi,-1.647875369901064,135.7710349909631
Warioi,-1.647875369901064,135.7710349909631
Warioi,-1.647875369901064,135.7710349909631
Warioi,-1.647875369901064,135.7710349909631
Warioi,-1.647875369901064,135.7710349909631
Warioi,-1.647875369901064,135.7710349909631
Warioi,-1.647875369901064,135.7710349909631
Warioi,-1.647875369901064,135.7710349909631
Warioi,-1.647875369901064,135.7710349909631
Warioi,-1.647875369901064,135.7710349909631
Warioi,-1.647875369901064,135.7710349909631
Warioi,-1.647875369901064,135.7710349909631
Warioi,-1.647875369901064,135.7710349909631
Warioi,-1.647875369901064,135.7710349909631
Warioi,-1.647875369901064,135.7710349909631
Warioi,-1.647875369901064,135.7710349909631
Warioi,-1.647875369901064,135.7710349909631
Warioi,-1.647875369901064,135.7710349909631
Warioi,-1.647875369901064,135.7710349909631
Warioi,-1.647875369901064,135.7710349909631
Warioi,-1.647875369901064,135.7710349909631
Warioi,-1.647875369901064,135.7710349909631
Warioi,-1.647875369901064,135.7710349909631
Warioi,-1.647875369901064,135.7710349909631
Warioi,-1.647875369901064,135.7710349909631
Warioi,-1.647875369901064,135.7710349909631
Warioi,-1.647875369901064,135.7710349909631
Warioi,-1.647875369901064,135.7710349909631
Warioi,-1.647875369901064,135.7710349909631
Warioi,-1.647875369901064,135.7710349909631
Warioi,-1.647875369901064,135.7710349909631
Warioi,-1.647875369901064,135.7710349909631
Warioi,-1.647875369901064,135.7710349909631
Warioi,-1.647875369901064,135.7710349909631
Warioi,-1.647875369901064,135.7710349909631
Warioi,-1.647875369901064,135.7710349909631
Warioi,-1.647875369901064,135.7710349909631
Warioi,-1.647875369901064,135.7710349909631
Warioi,-1.647875369901064,135.7710349909631
Warioi,-1.647875369901064,135.7710349909631
Warioi,-1.647875369901064,135.7710349909631
Warioi,-1.647875369901064,135.7710349909631
Warioi,-1.647875369901064,135.7710349909631
Warioi,-1.647875369901064,135.7710349909631
Warioi,-1.647875369901064,135.7710349909631
Warioi,-1.647875369901064,135.7710349909631
Warioi,-1.647875369901064,135.7710349909631
Warioi,-1.647875369901064,135.7710349909631
Warioi,-1.647875369901064,135.7710349909631
Warioi,-1.647875369901064,135.7710349909631
Warioi,-1.647875369901064,135.7710349909631
Warioi,-1.647875369901064,135.7710349909631
Warioi,-1.647875369901064,135.7710349909631
Warioi,-1.647875369901064,135.7710349909631
Warioi,-1.647875369901064,135.7710349909631
Warioi,-1.647875369901064,135.7710349909631
Warioi,-1.647875369901064,135.7710349909631
Warioi,-1.647875369901064,135.7710349909631
Warioi,-1.647875369901064,135.7710349909631
Warioi,-1.647875369901064,135.7710349909631
Warioi,-1.647875369901064,135.7710349909631
Warioi,-1.647875369901064,135.7710349909631
Warioi,-1.647875369901064,135.7710349909631
Warioi,-1.647875369901064,135.7710349909631
Warioi,-1.647875369901064,135.7710349909631
Warioi,-1.647875369901064,135.7710349909631
Warioi,-1.647875369901064,135.7710349909631
Warioi,-1.647875369901064,135.7710349909631
Warioi,-1.647875369901064,135.7710349909631
Warioi,-1.647875369901064,135.7710349909631
Warioi,-1.647875369901064,135.7710349909631
Warioi,-1.647875369901064,135.7710349909631
Warioi,-1.647875369901064,135.7710349909631
Warioi,-1.647875369901064,135.7710349909631
Warioi,-1.647875369901064,135.7710349909631
Warioi,-1.647875369901064,135.7710349909631
Warioi,-1.647875369901064,135.7710349909631
Warioi,-1.647875369901064,135.7710349909631
Warioi,-1.647875369901064,135.7710349909631
Warioi,-1.647875369901064,135.7710349909631
Warioi,-1.647875369901064,135.7710349909631
Warioi,-1.647875369901064,135.7710349909631
Warioi,-1.647875369901064,135.7710349909631
Warioi,-1.647875369901064,135.7710349909631
Warioi,-1.647875369901064,135.7710349909631
Warioi,-1.647875369901064,135.7710349909631
Warioi,-1.647875369901064,135.7710349909631
Warioi,-1.647875369901064,135.7710349909631
Warioi,-1.647875369901064,135.7710349909631
Warioi,-1.647875369901064,135.7710349909631
Warioi,-1.647875369901064,135.7710349909631
Warioi,-1.647875369901064,135.7710349909631
Warioi,-1.647875369901064,135.7710349909631
Warioi,-1.647875369901064,135.7710349909631
Warioi,-1.647875369901064,135.7710349909631
Warioi,-1.647875369901064,135.7710349909631
Warioi,-1.647875369901064,135.7710349909631
Warioi,-1.647875369901064,135.7710349909631
Warioi,-1.647875369901064,135.7710349909631
Warioi,-1.647875369901064,135.7710349909631
Warioi,-1.647875369901064,135.7710349909631
Warioi,-1.647875369901064,135.7710349909631
Warioi,-1.647875369901064,135.7710349909631
Warioi,-1.647875369901064,135.7710349909631
Warioi,-1.647875369901064,135.7710349909631
Warioi,-1.647875369901064,135.7710349909631
Warioi,-1.647875369901064,135.7710349909631
Warioi,-1.647875369901064,135.7710349909631
Warioi,-1.647875369901064,135.7710349909631
Warioi,-1.647875369901064,135.7710349909631
Warioi,-1.647875369901064,135.7710349909631
Warioi,-1.647875369901064,135.7710349909631
Warioi,-1.647875369901064,135.7710349909631
Warioi,-1.647875369901064,135.7710349909631
Warioi,-1.647875369901064,135.7710349909631
Warioi,-1.647875369901064,135.7710349909631
Warioi,-1.647875369901064,135.7710349909631
Warioi,-1.647875369901064,135.7710349909631
Warioi,-1.647875369901064,135.7710349909631
Warioi,-1.647875369901064,135.7710349909631
Warioi,-1.647875369901064,135.7710349909631
Warioi,-1.647875369901064,135.7710349909631
Warioi,-1.647875369901064,135.7710349909631
Warioi,-1.647875369901064,135.7710349909631
Warioi,-1.647875369901064,135.7710349909631
Warioi,-1.647875369901064,135.7710349909631
Warioi,-1.647875369901064,135.7710349909631
Warioi,-1.647875369901064,135.7710349909631
Warioi,-1.647875369901064,135.7710349909631
Warioi,-1.647875369901064,135.7710349909631
Warioi,-1.647875369901064,135.7710349909631
Warioi,-1.647875369901064,135.7710349909631
Warioi,-1.647875369901064,135.7710349909631
Warioi,-1.647875369901064,135.7710349909631
Warioi,-1.647875369901064,135.7710349909631
Warioi,-1.647875369901064,135.7710349909631
Warioi,-1.647875369901064,135.7710349909631
Warioi,-1.647875369901064,135.7710349909631
Warioi,-1.647875369901064,135.7710349909631
Warioi,-1.647875369901064,135.7710349909631
Warioi,-1.647875369901064,135.7710349909631
Warioi,-1.647875369901064,135.7710349909631
Warioi,-1.647875369901064,135.7710349909631
Warioi,-1.647875369901064,135.7710349909631
Warioi,-1.647875369901064,135.7710349909631
Warioi,-1.647875369901064,135.7710349909631
Warioi,-1.647875369901064,135.7710349909631
Warioi,-1.647875369901064,135.7710349909631
Warioi,-1.647875369901064,135.7710349909631
Warioi,-1.647875369901064,135.7710349909631
Warioi,-1.647875369901064,135.7710349909631
Warioi,-1.647875369901064,135.7710349909631
Warioi,-1.647875369901064,135.7710349909631
Warioi,-1.647875369901064,135.7710349909631
Warioi,-1.647875369901064,135.7710349909631
Warioi,-1.647875369901064,135.7710349909631
Warioi,-1.647875369901064,135.7710349909631
Warioi,-1.647875369901064,135.7710349909631
Warioi,-1.647875369901064,135.7710349909631
Warioi,-1.647875369901064,135.7710349909631
Warioi,-1.647875369901064,135.7710349909631
Warioi,-1.647875369901064,135.7710349909631
Warioi,-1.647875369901064,135.7710349909631
Warioi,-1.647875369901064,135.7710349909631
Warioi,-1.647875369901064,135.7710349909631
Warioi,-1.647875369901064,135.7710349909631
Warioi,-1.647875369901064,135.7710349909631
Warioi,-1.647875369901064,135.7710349909631
Warioi,-1.647875369901064,135.7710349909631
Warioi,-1.647875369901064,135.7710349909631
Warioi,-1.647875369901064,135.7710349909631
Warioi,-1.647875369901064,135.7710349909631
Warioi,-1.647875369901064,135.7710349909631
Warioi,-1.647875369901064,135.7710349909631
Warioi,-1.647875369901064,135.7710349909631
Warioi,-1.647875369901064,135.7710349909631
Warioi,-1.647875369901064,135.7710349909631
Warioi,-1.647875369901064,135.7710349909631
Warioi,-1.647875369901064,135.7710349909631
Warioi,-1.647875369901064,135.7710349909631
Warioi,-1.647875369901064,135.7710349909631
Warioi,-1.647875369901064,135.7710349909631
Warioi,-1.647875369901064,135.7710349909631
Warioi,-1.647875369901064,135.7710349909631
Warioi,-1.647875369901064,135.7710349909631
Warioi,-1.647875369901064,135.7710349909631
Warioi,-1.647875369901064,135.7710349909631
Warioi,-1.647875369901064,135.7710349909631
Warioi,-1.647875369901064,135.7710349909631
Warioi,-1.647875369901064,135.7710349909631
Warioi,-1.647875369901064,135.7710349909631
Warioi,-1.647875369901064,135.7710349909631
Warioi,-1.647875369901064,135.7710349909631
Warioi,-1.647875369901064,135.7710349909631
Warioi,-1.647875369901064,135.7710349909631
Warioi,-1.647875369901064,135.7710349909631
Warioi,-1.647875369901064,135.7710349909631
Warioi,-1.647875369901064,135.7710349909631
Warioi,-1.647875369901064,135.7710349909631
Warioi,-1.647875369901064,135.7710349909631
Warioi,-1.647875369901064,135.7710349909631
Warioi,-1.647875369901064,135.7710349909631
Warioi,-1.647875369901064,135.7710349909631
Warioi,-1.647875369901064,135.7710349909631
Warioi,-1.647875369901064,135.7710349909631
Warioi,-1.647875369901064,135.7710349909631
Warioi,-1.647875369901064,135.7710349909631
Warioi,-1.647875369901064,135.7710349909631
Warioi,-1.647875369901064,135.7710349909631
Warioi,-1.647875369901064,135.7710349909631
Warioi,-1.647875369901064,135.7710349909631
Warioi,-1.647875369901064,135.7710349909631
Warioi,-1.647875369901064,135.7710349909631
Warioi,-1.647875369901064,135.7710349909631
Warioi,-1.647875369901064,135.7710349909631
Warioi,-1.647875369901064,135.7710349909631
Warioi,-1.647875369901064,135.7710349909631
Warioi,-1.647875369901064,135.7710349909631
Warioi,-1.647875369901064,135.7710349909631
Warioi,-1.647875369901064,135.7710349909631
Warioi,-1.647875369901064,135.7710349909631
Warioi,-1.647875369901064,135.7710349909631
Warioi,-1.647875369901064,135.7710349909631
Warioi,-1.647875369901064,135.7710349909631
Warioi,-1.647875369901064,135.7710349909631
Warioi,-1.647875369901064,135.7710349909631
Warioi,-1.647875369901064,135.7710349909631
Warioi,-1.647875369901064,135.7710349909631
Warioi,-1.647875369901064,135.7710349909631
Warioi,-1.647875369901064,135.7710349909631
Warioi,-1.647875369901064,135.7710349909631
Warioi,-1.647875369901064,135.7710349909631
Warioi,-1.647875369901064,135.7710349909631
Warioi,-1.647875369901064,135.7710349909631
Warioi,-1.647875369901064,135.7710349909631
Warioi,-1.647875369901064,135.7710349909631
Warioi,-1.647875369901064,135.7710349909631
Warioi,-1.647875369901064,135.7710349909631
Warioi,-1.647875369901064,135.7710349909631
Warioi,-1.647875369901064,135.7710349909631
Warioi,-1.647875369901064,135.7710349909631
Warioi,-1.647875369901064,135.7710349909631
Warioi,-1.647875369901064,135.7710349909631
Warioi,-1.647875369901064,135.7710349909631
Warioi,-1.647875369901064,135.7710349909631
Warioi,-1.647875369901064,135.7710349909631
Warioi,-1.647875369901064,135.7710349909631
Warioi,-1.647875369901064,135.7710349909631
Warioi,-1.647875369901064,135.7710349909631
Warioi,-1.647875369901064,135.7710349909631
Warioi,-1.647875369901064,135.7710349909631
Warioi,-1.647875369901064,135.7710349909631
Warioi,-1.647875369901064,135.7710349909631
Warioi,-1.647875369901064,135.7710349909631
Warioi,-1.647875369901064,135.7710349909631
Warioi,-1.647875369901064,135.7710349909631
Warioi,-1.647875369901064,135.7710349909631
Warioi,-1.647875369901064,135.7710349909631
Warioi,-1.647875369901064,135.7710349909631
Warioi,-1.647875369901064,135.7710349909631
Warioi,-1.647875369901064,135.7710349909631
Warioi,-1.647875369901064,135.7710349909631
Warioi,-1.647875369901064,135.7710349909631
Warioi,-1.647875369901064,135.7710349909631
Warioi,-1.647875369901064,135.7710349909631
Warioi,-1.647875369901064,135.7710349909631
Warioi,-1.647875369901064,135.7710349909631
Warioi,-1.647875369901064,135.7710349909631
Warioi,-1.647875369901064,135.7710349909631
Warioi,-1.647875369901064,135.7710349909631
Warioi,-1.647875369901064,135.7710349909631
Warioi,-1.647875369901064,135.7710349909631
Warioi,-1.647875369901064,135.7710349909631
Warioi,-1.647875369901064,135.7710349909631
Warioi,-1.647875369901064,135.7710349909631
Warioi,-1.647875369901064,135.7710349909631
Warioi,-1.647875369901064,135.7710349909631
Warioi,-1.647875369901064,135.7710349909631
Warioi,-1.647875369901064,135.7710349909631
Warioi,-1.647875369901064,135.7710349909631
Warioi,-1.647875369901064,135.7710349909631
Warioi,-1.647875369901064,135.7710349909631
Warioi,-1.647875369901064,135.7710349909631
Warioi,-1.647875369901064,135.7710349909631
Warioi,-1.647875369901064,135.7710349909631
Warioi,-1.647875369901064,135.7710349909631
Warioi,-1.647875369901064,135.7710349909631
Warioi,-1.647875369901064,135.7710349909631
Warioi,-1.647875369901064,135.7710349909631
Warioi,-1.647875369901064,135.7710349909631
Warioi,-1.647875369901064,135.7710349909631
Warioi,-1.647875369901064,135.7710349909631
Warioi,-1.647875369901064,135.7710349909631
Warioi,-1.647875369901064,135.7710349909631
Warioi,-1.647875369901064,135.7710349909631
Warioi,-1.647875369901064,135.7710349909631
Warioi,-1.647875369901064,135.7710349909631
Warioi,-1.647875369901064,135.7710349909631
Warioi,-1.647875369901064,135.7710349909631
Warioi,-1.647875369901064,135.7710349909631
Warioi,-1.647875369901064,135.7710349909631
Warioi,-1.647875369901064,135.7710349909631
Warioi,-1.647875369901064,135.7710349909631
Warioi,-1.647875369901064,135.7710349909631
Warioi,-1.647875369901064,135.7710349909631
Warioi,-1.647875369901064,135.7710349909631
Warioi,-1.647875369901064,135.7710349909631
Warioi,-1.647875369901064,135.7710349909631
Warioi,-1.647875369901064,135.7710349909631
Warioi,-1.647875369901064,135.7710349909631
Warioi,-1.647875369901064,135.7710349909631
Warioi,-1.647875369901064,135.7710349909631
Warioi,-1.647875369901064,135.7710349909631
Warioi,-1.647875369901064,135.7710349909631
Warioi,-1.647875369901064,135.7710349909631
Warioi,-1.647875369901064,135.7710349909631
Warioi,-1.647875369901064,135.7710349909631
Warioi,-1.647875369901064,135.7710349909631
Warioi,-1.647875369901064,135.7710349909631
Warioi,-1.647875369901064,135.7710349909631
Warioi,-1.647875369901064,135.7710349909631
Warioi,-1.647875369901064,135.7710349909631
Warioi,-1.647875369901064,135.7710349909631
Warioi,-1.647875369901064,135.7710349909631
Warioi,-1.647875369901064,135.7710349909631
Warioi,-1.647875369901064,135.7710349909631
Warioi,-1.647875369901064,135.7710349909631
Warioi,-1.647875369901064,135.7710349909631
Warioi,-1.647875369901064,135.7710349909631
Warioi,-1.647875369901064,135.7710349909631
Warioi,-1.647875369901064,135.7710349909631
Warioi,-1.647875369901064,135.7710349909631
Warioi,-1.647875369901064,135.7710349909631
Warioi,-1.647875369901064,135.7710349909631
Warioi,-1.647875369901064,135.7710349909631
Warioi,-1.647875369901064,135.7710349909631
Warioi,-1.647875369901064,135.7710349909631
Warioi,-1.647875369901064,135.7710349909631
Warioi,-1.647875369901064,135.7710349909631
Warioi,-1.647875369901064,135.7710349909631
Warioi,-1.647875369901064,135.7710349909631
Warioi,-1.647875369901064,135.7710349909631
Warioi,-1.647875369901064,135.7710349909631
Warioi,-1.647875369901064,135.7710349909631
Warioi,-1.647875369901064,135.7710349909631
Warioi,-1.647875369901064,135.7710349909631
Warioi,-1.647875369901064,135.7710349909631
Warioi,-1.647875369901064,135.7710349909631
Warioi,-1.647875369901064,135.7710349909631
Warioi,-1.647875369901064,135.7710349909631
Warioi,-1.647875369901064,135.7710349909631
Warioi,-1.647875369901064,135.7710349909631
Warioi,-1.647875369901064,135.7710349909631
Warioi,-1.647875369901064,135.7710349909631
Warioi,-1.647875369901064,135.7710349909631
Warioi,-1.647875369901064,135.7710349909631
Warioi,-1.647875369901064,135.7710349909631
Warioi,-1.647875369901064,135.7710349909631
Warioi,-1.647875369901064,135.7710349909631
Warioi,-1.647875369901064,135.7710349909631
Warioi,-1.647875369901064,135.7710349909631
Warioi,-1.647875369901064,135.7710349909631
Warioi,-1.647875369901064,135.7710349909631
Warioi,-1.647875369901064,135.7710349909631
Warioi,-1.647875369901064,135.7710349909631
Warioi,-1.647875369901064,135.7710349909631
Warioi,-1.647875369901064,135.7710349909631
Warioi,-1.647875369901064,135.7710349909631
Warioi,-1.647875369901064,135.7710349909631
Warioi,-1.647875369901064,135.7710349909631
Warioi,-1.647875369901064,135.7710349909631
Warioi,-1.647875369901064,135.7710349909631
Warioi,-1.647875369901064,135.7710349909631
Warioi,-1.647875369901064,135.7710349909631
Warioi,-1.647875369901064,135.7710349909631
Warioi,-1.647875369901064,135.7710349909631
Warioi,-1.647875369901064,135.7710349909631
Warioi,-1.647875369901064,135.7710349909631
Warioi,-1.647875369901064,135.7710349909631
Warioi,-1.647875369901064,135.7710349909631
Warioi,-1.647875369901064,135.7710349909631
Warioi,-1.647875369901064,135.7710349909631
Warioi,-1.647875369901064,135.7710349909631
Warioi,-1.647875369901064,135.7710349909631
Warioi,-1.647875369901064,135.7710349909631
Warioi,-1.647875369901064,135.7710349909631
Warioi,-1.647875369901064,135.7710349909631
Warioi,-1.647875369901064,135.7710349909631
Warioi,-1.647875369901064,135.7710349909631
Warioi,-1.647875369901064,135.7710349909631
Warioi,-1.647875369901064,135.7710349909631
Warioi,-1.647875369901064,135.7710349909631
Warioi,-1.647875369901064,135.7710349909631
Warioi,-1.647875369901064,135.7710349909631
Warioi,-1.647875369901064,135.7710349909631
Warioi,-1.647875369901064,135.7710349909631
Warioi,-1.647875369901064,135.7710349909631
Warioi,-1.647875369901064,135.7710349909631
Warioi,-1.647875369901064,135.7710349909631
Warioi,-1.647875369901064,135.7710349909631
Warioi,-1.647875369901064,135.7710349909631
Warioi,-1.647875369901064,135.7710349909631
Warioi,-1.647875369901064,135.7710349909631
Warioi,-1.647875369901064,135.7710349909631
Warioi,-1.647875369901064,135.7710349909631
Warioi,-1.647875369901064,135.7710349909631
Warioi,-1.647875369901064,135.7710349909631
Warioi,-1.647875369901064,135.7710349909631
Warioi,-1.647875369901064,135.7710349909631
Warioi,-1.647875369901064,135.7710349909631
Warioi,-1.647875369901064,135.7710349909631
Warioi,-1.647875369901064,135.7710349909631
Warioi,-1.647875369901064,135.7710349909631
Warioi,-1.647875369901064,135.7710349909631
Warioi,-1.647875369901064,135.7710349909631
Warioi,-1.647875369901064,135.7710349909631
Warioi,-1.647875369901064,135.7710349909631
Warioi,-1.647875369901064,135.7710349909631
Warioi,-1.647875369901064,135.7710349909631
Warioi,-1.647875369901064,135.7710349909631
Warioi,-1.647875369901064,135.7710349909631
Warioi,-1.647875369901064,135.7710349909631
Warioi,-1.647875369901064,135.7710349909631
Warioi,-1.647875369901064,135.7710349909631
Warioi,-1.647875369901064,135.7710349909631
Warioi,-1.647875369901064,135.7710349909631
Warioi,-1.647875369901064,135.7710349909631
Warioi,-1.647875369901064,135.7710349909631
Warioi,-1.647875369901064,135.7710349909631
Warioi,-1.647875369901064,135.7710349909631
Warioi,-1.647875369901064,135.7710349909631
Warioi,-1.647875369901064,135.7710349909631
Warioi,-1.647875369901064,135.7710349909631
Warioi,-1.647875369901064,135.7710349909631
Warioi,-1.647875369901064,135.7710349909631
Warioi,-1.647875369901064,135.7710349909631
Warioi,-1.647875369901064,135.7710349909631
Warioi,-1.647875369901064,135.7710349909631
Warioi,-1.647875369901064,135.7710349909631
Warioi,-1.647875369901064,135.7710349909631
Warioi,-1.647875369901064,135.7710349909631
Warioi,-1.647875369901064,135.7710349909631
Warioi,-1.647875369901064,135.7710349909631
Warioi,-1.647875369901064,135.7710349909631
Warioi,-1.647875369901064,135.7710349909631
Warioi,-1.647875369901064,135.7710349909631
Warioi,-1.647875369901064,135.7710349909631
Warioi,-1.647875369901064,135.7710349909631
Warioi,-1.647875369901064,135.7710349909631
Warioi,-1.647875369901064,135.7710349909631
Warioi,-1.647875369901064,135.7710349909631
Warioi,-1.647875369901064,135.7710349909631
Warioi,-1.647875369901064,135.7710349909631
Warioi,-1.647875369901064,135.7710349909631
Warioi,-1.647875369901064,135.7710349909631
Warioi,-1.647875369901064,135.7710349909631
Warioi,-1.647875369901064,135.7710349909631
Warioi,-1.647875369901064,135.7710349909631
Warioi,-1.647875369901064,135.7710349909631
Warioi,-1.647875369901064,135.7710349909631
Warioi,-1.647875369901064,135.7710349909631
Warioi,-1.647875369901064,135.7710349909631
Warioi,-1.647875369901064,135.7710349909631
Warioi,-1.647875369901064,135.7710349909631
Warioi,-1.647875369901064,135.7710349909631
Warioi,-1.647875369901064,135.7710349909631
Warioi,-1.647875369901064,135.7710349909631
Warioi,-1.647875369901064,135.7710349909631
Warioi,-1.647875369901064,135.7710349909631
Warioi,-1.647875369901064,135.7710349909631
Warioi,-1.647875369901064,135.7710349909631
Warioi,-1.647875369901064,135.7710349909631
Warioi,-1.647875369901064,135.7710349909631
Warioi,-1.647875369901064,135.7710349909631
Warioi,-1.647875369901064,135.7710349909631
Warioi,-1.647875369901064,135.7710349909631
Warioi,-1.647875369901064,135.7710349909631
Warioi,-1.647875369901064,135.7710349909631
Warioi,-1.647875369901064,135.7710349909631
Warioi,-1.647875369901064,135.7710349909631
Warioi,-1.647875369901064,135.7710349909631
Warioi,-1.647875369901064,135.7710349909631
Warioi,-1.647875369901064,135.7710349909631
Warioi,-1.647875369901064,135.7710349909631
Warioi,-1.647875369901064,135.7710349909631
Warioi,-1.647875369901064,135.7710349909631
Warioi,-1.647875369901064,135.7710349909631
Warioi,-1.647875369901064,135.7710349909631
Warioi,-1.647875369901064,135.7710349909631
Warioi,-1.647875369901064,135.7710349909631
Warioi,-1.647875369901064,135.7710349909631
